{
  "artifacts": [],
  "command": "my_main",
  "experiment": {
    "base_dir": "/home/huangshangjing/TASE/TASE-python-2024.5.18/src",
    "dependencies": [
      "munch==2.5.0",
      "numpy==1.21.5",
      "PyYAML==5.4.1",
      "sacred==0.8.2",
      "torch==1.12.1+cu116"
    ],
    "mainfile": "main.py",
    "name": "pymarl",
    "repositories": [],
    "sources": [
      [
        "main.py",
        "_sources/main_3b17a0a3141712602bb45f7b002f8c20.py"
      ],
      [
        "utils/logging.py",
        "_sources/logging_a54de833cb0bf67d05098d192e5e3435.py"
      ]
    ]
  },
  "heartbeat": "2024-05-19T02:17:54.567015",
  "host": {
    "ENV": {},
    "cpu": "Intel(R) Core(TM) i7-6700K CPU @ 4.00GHz",
    "gpus": {
      "driver_version": "470.239.06",
      "gpus": [
        {
          "model": "NVIDIA GeForce GTX TITAN X",
          "persistence_mode": false,
          "total_memory": 12209
        },
        {
          "model": "NVIDIA GeForce GTX TITAN X",
          "persistence_mode": false,
          "total_memory": 12212
        }
      ]
    },
    "hostname": "huangshangjing-Ubuntu",
    "os": [
      "Linux",
      "Linux-6.5.0-25-generic-x86_64-with-glibc2.17"
    ],
    "python_version": "3.8.13"
  },
  "meta": {
    "command": "my_main",
    "options": {
      "--beat-interval": null,
      "--capture": null,
      "--comment": null,
      "--debug": false,
      "--enforce_clean": false,
      "--file_storage": null,
      "--force": false,
      "--help": false,
      "--loglevel": null,
      "--mongo_db": null,
      "--name": null,
      "--pdb": false,
      "--print-config": false,
      "--priority": null,
      "--queue": false,
      "--s3": null,
      "--sql": null,
      "--tiny_db": null,
      "--unobserved": false,
      "COMMAND": null,
      "UPDATE": [],
      "help": false,
      "with": false
    }
  },
  "resources": [],
  "result": null,
  "start_time": "2024-05-19T01:46:02.876943",
  "status": "RUNNING"
}