{
  "artifacts": [],
  "command": "my_main",
  "experiment": {
    "base_dir": "/home/huangshangjing/workspace/514/mtmarl_514/src",
    "dependencies": [
      "munch==2.5.0",
      "numpy==1.21.5",
      "PyYAML==5.4.1",
      "sacred==0.8.2",
      "torch==1.12.1+cu116"
    ],
    "mainfile": "main.py",
    "name": "pymarl",
    "repositories": [
      {
        "commit": "2fa80063681ca43a8695b9dd0849eb1ca1c42fa0",
        "dirty": false,
        "url": "git@gitee.com:hhho0321/mtmarl_514.git"
      },
      {
        "commit": "2fa80063681ca43a8695b9dd0849eb1ca1c42fa0",
        "dirty": false,
        "url": "git@gitee.com:hhho0321/mtmarl_514.git"
      }
    ],
    "sources": [
      [
        "main.py",
        "_sources/main_3b17a0a3141712602bb45f7b002f8c20.py"
      ],
      [
        "utils/logging.py",
        "_sources/logging_a54de833cb0bf67d05098d192e5e3435.py"
      ]
    ]
  },
  "heartbeat": "2023-06-20T03:00:28.722252",
  "host": {
    "ENV": {},
    "cpu": "Intel(R) Core(TM) i7-6700K CPU @ 4.00GHz",
    "gpus": {
      "driver_version": "525.105.17",
      "gpus": [
        {
          "model": "NVIDIA GeForce GTX TITAN X",
          "persistence_mode": false,
          "total_memory": 12288
        },
        {
          "model": "NVIDIA GeForce GTX TITAN X",
          "persistence_mode": false,
          "total_memory": 12288
        }
      ]
    },
    "hostname": "huangshangjing-Ubuntu",
    "os": [
      "Linux",
      "Linux-5.19.0-43-generic-x86_64-with-glibc2.17"
    ],
    "python_version": "3.8.13"
  },
  "meta": {
    "command": "my_main",
    "options": {
      "--beat-interval": null,
      "--capture": null,
      "--comment": null,
      "--debug": false,
      "--enforce_clean": false,
      "--file_storage": null,
      "--force": false,
      "--help": false,
      "--loglevel": null,
      "--mongo_db": null,
      "--name": null,
      "--pdb": false,
      "--print-config": false,
      "--priority": null,
      "--queue": false,
      "--s3": null,
      "--sql": null,
      "--tiny_db": null,
      "--unobserved": false,
      "COMMAND": null,
      "UPDATE": [],
      "help": false,
      "with": false
    }
  },
  "resources": [],
  "result": null,
  "start_time": "2023-06-20T02:27:28.032681",
  "status": "COMPLETED",
  "stop_time": "2023-06-20T03:00:28.721765"
}