{
  "artifacts": [],
  "command": "my_main",
  "experiment": {
    "base_dir": "/root/desc/huangshangjing/workspace/mt514/src",
    "dependencies": [
      "munch==2.5.0",
      "numpy==1.21.5",
      "PyYAML==5.4.1",
      "sacred==0.8.2",
      "torch==1.12.1+cu116"
    ],
    "mainfile": "main.py",
    "name": "pymarl",
    "repositories": [
      {
        "commit": "fa0f0fa2b0602255ce56a0a8f7c25fad8a2d6b12",
        "dirty": false,
        "url": "git@gitee.com:hhho0321/mtmarl_514.git"
      },
      {
        "commit": "fa0f0fa2b0602255ce56a0a8f7c25fad8a2d6b12",
        "dirty": false,
        "url": "git@gitee.com:hhho0321/mtmarl_514.git"
      }
    ],
    "sources": [
      [
        "main.py",
        "_sources/main_3b17a0a3141712602bb45f7b002f8c20.py"
      ],
      [
        "utils/logging.py",
        "_sources/logging_a54de833cb0bf67d05098d192e5e3435.py"
      ]
    ]
  },
  "heartbeat": "2023-07-05T16:53:27.270082",
  "host": {
    "ENV": {},
    "cpu": "AMD EPYC 7742 64-Core Processor",
    "gpus": {
      "driver_version": "515.65.01",
      "gpus": [
        {
          "model": "Tesla V100S-PCIE-32GB",
          "persistence_mode": false,
          "total_memory": 32768
        }
      ]
    },
    "hostname": "rl-hybrid-6",
    "os": [
      "Linux",
      "Linux-4.15.0-175-generic-x86_64-with-glibc2.17"
    ],
    "python_version": "3.8.13"
  },
  "meta": {
    "command": "my_main",
    "options": {
      "--beat-interval": null,
      "--capture": null,
      "--comment": null,
      "--debug": false,
      "--enforce_clean": false,
      "--file_storage": null,
      "--force": false,
      "--help": false,
      "--loglevel": null,
      "--mongo_db": null,
      "--name": null,
      "--pdb": false,
      "--print-config": false,
      "--priority": null,
      "--queue": false,
      "--s3": null,
      "--sql": null,
      "--tiny_db": null,
      "--unobserved": false,
      "COMMAND": null,
      "UPDATE": [],
      "help": false,
      "with": false
    }
  },
  "resources": [],
  "result": null,
  "start_time": "2023-07-05T09:06:04.491618",
  "status": "COMPLETED",
  "stop_time": "2023-07-05T16:53:27.269009"
}